0,1,2,3
-734.3368360996246,-975.1265548467636,-753.604800671339,-500.7277252674103
-732.9007145166397,-979.9136267900467,-755.5196294486523,-499.1719268858433
-731.7039465308189,-988.8893866837025,-766.2905413210392,-494.02582454681396
-737.5681096613407,-978.4775052070618,-757.5541350245476,-499.6506340801716
-732.0629769265652,-971.057543694973,-751.4506182968616,-498.0948356986046
-732.5416841208935,-984.3416683375835,-762.3412069678307,-490.0764901936054
-738.6452008485794,-981.8284555673599,-761.5034693777561,-496.77839091420174
-742.4748584032059,-979.7939499914646,-759.9476709961891,-512.8150819242001
-737.3287560641766,-986.615527510643,-765.3331269323826,-500.96707886457443
-737.3287560641766,-987.0942347049713,-765.0937733352184,-495.4619461297989
-745.5864551663399,-987.3335883021355,-765.4528037309647,-505.51479721069336
-738.4058472514153,-975.2462316453457,-754.5622150599957,-503.2409380376339
-738.5255240499973,-987.3335883021355,-761.0247621834278,-490.7945509850979
-741.038736820221,-986.9745579063892,-760.7854085862637,-497.3767749071121
-742.1158280074596,-976.2036460340023,-752.6473862826824,-501.5654628574848
-736.6106952726841,-983.503930747509,-762.7002373635769,-493.3077637553215
-740.0813224315643,-990.4451850652695,-770.0005220770836,-496.0603301227093
-742.4748584032059,-979.5545963943005,-757.4344582259655,-504.07867562770844
-728.9513801634312,-967.5869165360928,-751.3309414982796,-492.2306725680828
-728.9513801634312,-975.6052620410919,-757.7934886217117,-483.25491267442703
-754.6818918585777,-994.6338730156422,-772.7530884444714,-515.5676482915878
-742.2355048060417,-981.5891019701958,-755.5196294486523,-505.2754436135292
-737.3287560641766,-991.282922655344,-766.2905413210392,-496.77839091420174
-742.9535655975342,-992.838721036911,-762.7002373635769,-496.77839091420174
-737.8074632585049,-976.0839692354202,-753.9638310670853,-506.2328580021858
-739.7222920358181,-985.6581131219864,-763.6576517522335,-497.73580530285835
-743.7913031876087,-991.282922655344,-767.7266629040241,-500.7277252674103
-742.4748584032059,-978.5971820056438,-753.8441542685032,-505.51479721069336
-742.4748584032059,-980.5120107829571,-758.9902566075325,-501.0867556631565
-736.7303720712662,-987.5729418992996,-763.7773285508156,-493.54711735248566
-741.038736820221,-977.7594444155693,-757.9131654202938,-499.77031087875366
-731.823623329401,-969.3820685148239,-749.8948199152946,-499.29160368442535
-733.2597449123859,-982.9055467545986,-757.3147814273834,-488.87972220778465
-742.594535201788,-986.3761739134789,-761.9821765720844,-497.6161285042763
-740.7993832230568,-973.6904332637787,-749.5357895195484,-498.81289649009705
-736.9697256684303,-979.1955659985542,-758.27219581604,-492.47002616524696
-739.8419688344002,-992.9583978354931,-768.8037540912628,-500.84740206599236
-736.37134167552,-974.169140458107,-754.5622150599957,-501.2064324617386
-735.2942504882812,-979.1955659985542,-754.6818918585777,-495.4619461297989
-736.7303720712662,-987.4532651007175,-763.2986213564873,-495.3422693312168
-734.3368360996246,-975.9642924368382,-749.8948199152946,-496.8980677127838
-726.1988137960434,-964.1162893772125,-742.3551816046238,-490.91422778367996
-728.2333193719387,-980.8710411787033,-757.3147814273834,-488.1616614162922
-754.4425382614136,-1000.617712944746,-776.941776394844,-514.7299107015133
-744.6290407776833,-979.3152427971363,-759.9476709961891,-511.37896034121513
-742.594535201788,-991.1632458567619,-766.1708645224571,-501.32610926032066
-738.2861704528332,-992.1206602454185,-769.2824612855911,-500.7277252674103
-735.2942504882812,-970.8181900978088,-748.5783751308918,-501.80481645464897
-735.6532808840275,-979.9136267900467,-754.2031846642494,-496.18000692129135
-733.1400681138039,-988.8893866837025,-757.0754278302193,-491.51261177659035
-736.1319880783558,-982.1874859631062,-752.8867398798466,-502.0441700518131
-734.4565128982067,-975.8446156382561,-752.8867398798466,-503.8393220305443
-735.7729576826096,-987.9319722950459,-760.0673477947712,-495.22259253263474
-739.2435848414898,-986.3761739134789,-760.9050853848457,-500.84740206599236
-733.2597449123859,-969.6214221119881,-746.9028999507427,-500.0096644759178
-727.9939657747746,-982.5465163588524,-754.4425382614136,-495.3422693312168
-734.5761896967888,-985.1794059276581,-760.5460549890995,-492.2306725680828
-737.0894024670124,-971.057543694973,-748.4586983323097,-499.77031087875366
-733.379421710968,-973.9297868609428,-751.6899718940258,-496.77839091420174
-732.0629769265652,-989.8468010723591,-763.2986213564873,-494.7438853383064
-739.0042312443256,-979.1955659985542,-754.3228614628315,-501.6851396560669
-729.1907337605953,-962.0817838013172,-743.9109799861908,-493.7864709496498
-736.9697256684303,-985.2990827262402,-763.7773285508156,-497.13742130994797
-741.7567976117134,-986.9745579063892,-762.1018533706665,-499.6506340801716
-742.2355048060417,-973.6904332637787,-753.485123872757,-506.71156519651413
-738.8845544457436,-984.8203755319118,-759.3492870032787,-499.5309572815895
-740.2009992301464,-990.2058314681053,-765.3331269323826,-496.5390373170376
-738.2861704528332,-973.3314028680325,-749.1767591238022,-498.69321969151497
-735.8926344811916,-972.4936652779579,-752.8867398798466,-494.8635621368885
-738.8845544457436,-985.5384363234043,-765.0937733352184,-493.4274405539036
-738.8845544457436,-978.2381516098976,-756.3573670387268,-498.4538660943508
-735.1745736896992,-970.2198061048985,-748.0996679365635,-495.3422693312168
-736.7303720712662,-984.7006987333298,-759.827994197607,-489.7174597978592
-740.0813224315643,-979.4349195957184,-762.7002373635769,-498.5735428929329
-738.8845544457436,-969.3820685148239,-751.0915879011154,-503.48029163479805
-734.6958664953709,-980.0333035886288,-755.2802758514881,-493.66679415106773
-739.2435848414898,-985.6581131219864,-764.7347429394722,-497.85548210144043
-739.8419688344002,-972.1346348822117,-750.493203908205,-501.0867556631565
-736.6106952726841,-975.9642924368382,-756.4770438373089,-497.4964517056942
-739.1239080429077,-984.4613451361656,-762.2215301692486,-492.8290565609932
-740.6797064244747,-977.280737221241,-754.5622150599957,-503.95899882912636
-742.1158280074596,-973.4510796666145,-754.2031846642494,-501.32610926032066
-740.5600296258926,-989.4877706766129,-764.9740965366364,-497.73580530285835
-741.8764744102955,-983.7432843446732,-761.5034693777561,-501.80481645464897
-734.6958664953709,-965.4327341616154,-743.5519495904446,-496.4193605184555
-731.7039465308189,-975.724938839674,-756.2376902401447,-490.6748741865158
-759.708317399025,-1000.8570665419102,-778.9762819707394,-511.73799073696136
-752.4080326855183,-978.5971820056438,-762.819914162159,-510.30186915397644
-738.4058472514153,-971.6559276878834,-756.1180134415627,-497.3767749071121
-738.8845544457436,-983.1449003517628,-757.1951046288013,-489.5977829992771
-750.0144967138767,-984.2219915390015,-755.5196294486523,-506.71156519651413
-729.3104105591774,-964.1162893772125,-733.6187753081322,-488.1616614162922
-688.380945444107,-940.061252862215,-721.1723882555962,-455.250541806221
-757.5541350245476,-997.8651465773582,-767.1282789111137,-509.583808362484
-726.3184905946255,-947.6008911728859,-739.602615237236,-489.1190758049488
-727.8742889761925,-955.3798830807209,-742.71421200037,-486.1271558403969
-697.2370285391808,-925.7000370323658,-706.2127884328365,-443.8812459409237
-736.491018474102,-943.053172826767,-743.3125959932804,-497.0177445113659
-773.1121188402176,-972.1346348822117,-791.0636386275291,-540.8194527924061
-670.3097488582134,-859.3990906178951,-696.8779981434345,-437.1793452203274
-652.2385522723198,-815.8367359340191,-678.2084175646305,-433.23001086711884
-710.8801835775375,-871.0077400803566,-719.1378826797009,-485.8878022432327
-689.0990062355995,-917.5620147287846,-720.4543274641037,-464.1066249012947
-721.1723882555962,-918.3997523188591,-721.8904490470886,-489.95681339502335
-768.6840772926807,-963.0391981899738,-801.2361665070057,-571.3370364308357
-517.7218306660652,-675.4558511972427,-561.0448317527771,-318.57963782548904
-456.9260169863701,-579.475058734417,-452.01926824450493,-230.37783727049828
-710.042445987463,-826.607647806406,-746.0651623606682,-506.47221159935
-758.0328422188759,-846.3543195724487,-773.3514724373817,-538.0668864250183
-742.71421200037,-778.9762819707394,-743.4322727918625,-508.028009980917
-758.0328422188759,-846.3543195724487,-773.3514724373817,-538.0668864250183
-742.71421200037,-778.9762819707394,-743.4322727918625,-508.028009980917
-561.4038621485233,-590.0066170096397,-489.5977829992771,-308.16775634884834
-1017.2527879476547,-1021.4414758980274,-944.0105872154236,-742.71421200037
-757.1951046288013,-673.9000528156757,-740.2009992301464,-506.47221159935
-547.7607071101665,-348.4988374710083,-486.36650943756104,-327.43572092056274
-1164.8142805993557,-903.2007988989353,-1027.5449926257133,-888.6002294719219
-1090.4949886798859,-779.4549891650677,-934.4364433288574,-804.3477632701397
-684.4316110908985,-282.796275049448,-518.3202146589756,-426.0494029521942
-875.9144888222218,-419.3475022315979,-660.256897777319,-622.6783830225468
-840.609833240509,-305.6545435786247,-614.3010071218014,-583.3047162890434
-855.3300794661045,-268.55473601818085,-651.6401682794094,-603.5300952494144
-834.0276093184948,-189.80740255117416,-585.698252260685,-653.1959666609764
-755.160599052906,-60.556460082530975,-521.5514882206917,-594.9133657515049
-733.4990985095501,-47.87071943283081,-521.6711650192738,-584.6211610734463
-750.373527109623,-81.85893023014069,-539.0243008136749,-616.3355126976967
-719.2575594782829,-66.42062321305275,-508.62639397382736,-609.03522798419
-696.5189677476883,-43.56235468387604,-497.25709810853004,-587.1343738436699
-695.9205837547779,-16.754751801490784,-482.2974982857704,-578.3979675471783
-699.0321805179119,8.377375900745392,-468.7740200459957,-584.8605146706104
-703.3405452668667,-4.308364748954773,-479.3055783212185,-598.8627001047134
-709.9227691888809,-14.720246225595474,-493.9061477482319,-597.9052857160568
-706.930849224329,-1.0770911872386932,-486.9648934304714,-602.4530040621758
-700.4683021008968,6.7019007205963135,-482.05814468860626,-595.5117497444153
-703.819252461195,-12.326710253953934,-498.69321969151497,-590.8443545997143
-720.2149738669395,-24.773097306489944,-500.24901807308197,-600.8972056806087
-723.2068938314915,-18.789257377386093,-486.24683263897896,-591.8017689883709
-726.9168745875359,-50.26425540447235,-498.0948356986046,-593.2378905713558
-741.158413618803,-81.14086943864822,-517.4824770689011,-600.6578520834446
-740.4403528273106,-85.20988059043884,-501.80481645464897,-604.0088024437428
-743.3125959932804,-110.34200829267502,-507.54930278658867,-599.82011449337
-760.5460549890995,-156.7766061425209,-522.1498722136021,-597.6659321188927
-755.9983366429806,-163.119476467371,-518.6792450547218,-601.9742968678474
-765.6921573281288,-182.98582503199577,-515.2086178958416,-604.367832839489
-770.0005220770836,-219.2478950023651,-526.3385601639748,-597.1872249245644
-774.9072708189487,-236.72070759534836,-536.3914112448692,-596.2298105359077
-787.5930114686489,-266.7595840394497,-519.2776290476322,-595.152719348669
-783.4043235182762,-295.60169249773026,-545.8458783328533,-595.8707801401615
-802.0739040970802,-336.77051120996475,-561.4038621485233,-599.2217305004597
-790.7046082317829,-334.8556824326515,-547.4016767144203,-602.812034457922
-799.5606913268566,-376.26385474205017,-555.5396990180016,-599.700437694788
-798.1245697438717,-401.5156592428684,-573.1321884095669,-593.1182137727737
-805.3051776587963,-415.2784910798073,-565.9515804946423,-599.1020537018776
-803.0313184857368,-426.40843334794044,-558.5316189825535,-594.9133657515049
-805.1855008602142,-449.74540907144547,-573.6108956038952,-585.0998682677746
-803.8690560758114,-455.01118820905685,-563.7973981201649,-576.363461971283
-815.4777055382729,-476.7923655509949,-570.3796220421791,-596.9478713274002
-815.2383519411087,-512.2166979312897,-582.4669786989689,-592.7591833770275
-812.4857855737209,-518.5595682561398,-577.7995835542679,-576.7224923670292
-822.4189598560333,-516.8840930759907,-574.3289563953876,-590.485324203968
-819.7860702872276,-517.0037698745728,-569.5418844521046,-574.927340388298
-825.051849424839,-529.9288641214371,-572.8928348124027,-584.5014842748642
-828.6421533823013,-549.1968286931515,-574.807663589716,-573.0125116109848
-841.5672476291656,-564.7548125088215,-581.2702107131481,-578.3979675471783
-845.7559355795383,-552.7871326506138,-561.6432157456875,-573.7305724024773
-838.2162972688675,-573.251865208149,-580.4324731230736,-569.1828540563583
-845.5165819823742,-592.4001529812813,-593.9559513628483,-573.8502492010593
-847.6707643568516,-583.3047162890434,-581.5095643103123,-578.5176443457603
-844.2001371979713,-597.1872249245644,-585.4588986635208,-572.6534812152386
-835.7030844986439,-610.8303799629211,-600.2988216876984,-571.3370364308357
-831.7537501454353,-616.5748662948608,-602.0939736664295,-580.7915035188198
-824.9321726262569,-631.8934965133667,-601.0168824791908,-581.030857115984
-822.8976670503616,-665.5226769149303,-615.3780983090401,-579.1160283386707
-822.4189598560333,-678.4477711617947,-620.2848470509052,-575.1666939854622
-813.4431999623775,-678.4477711617947,-612.3861783444881,-575.5257243812084
-810.5709567964077,-707.0505260229111,-626.7473941743374,-570.8583292365074
-819.1876862943172,-732.6613609194756,-641.3479636013508,-574.6879867911339
-797.7655393481255,-716.7443467080593,-622.1996758282185,-561.5235389471054
-795.3720033764839,-730.9858857393265,-632.6115573048592,-558.0529117882252
-806.2625920474529,-759.3492870032787,-658.2223922014236,-565.472873300314
-808.5364512205124,-751.2112646996975,-648.7679251134396,-568.3451164662838
-802.6722880899906,-749.0570823252201,-644.2202067673206,-559.4890333712101
-809.9725728034973,-769.7611684799194,-665.7620305120945,-551.8297182619572
-825.2912030220032,-780.2927267551422,-667.0784752964973,-555.7790526151657
-826.487971007824,-772.154704451561,-658.9404529929161,-557.2151741981506
-827.3257085978985,-793.8162049949169,-680.48227673769,-548.478767901659
-841.5672476291656,-810.9299871921539,-693.5270477831364,-550.1542430818081
-834.0276093184948,-786.9946274757385,-675.2164976000786,-539.2636544108391
-845.6362587809563,-810.4512799978256,-701.4257164895535,-550.7526270747185
-861.4335961937904,-843.601753205061,-723.3265706300735,-562.36127653718
-843.0033692121506,-818.828655898571,-704.2979596555233,-559.369356572628
-820.9828382730484,-801.714873701334,-688.7399758398533,-545.4868479371071
-813.3235231637955,-814.0415839552879,-695.9205837547779,-535.4339968562126
-858.0826458334923,-858.8007066249847,-746.9028999507427,-582.706332296133
-834.386639714241,-847.6707643568516,-728.4726729691029,-574.927340388298
-809.6135424077511,-859.3990906178951,-734.5761896967888,-560.925154954195
-801.5951969027519,-862.6303641796112,-738.1664936542511,-554.5822846293449
-802.5526112914085,-851.9791291058064,-729.4300873577595,-557.3348509967327
-810.4512799978256,-870.7683864831924,-741.6371208131313,-557.0954973995686
-830.3176285624504,-899.0121109485626,-772.9924420416355,-568.8238236606121
-822.2992830574512,-887.4034614861012,-763.0592677593231,-567.148348480463
-809.2545120120049,-881.2999447584152,-759.827994197607,-567.2680252790451
-809.2545120120049,-894.3447158038616,-772.8727652430534,-555.8987294137478
-813.4431999623775,-894.1053622066975,-776.941776394844,-557.9332349896431
-806.382268846035,-884.2918647229671,-765.6921573281288,-556.3774366080761
-812.3661087751389,-915.168478757143,-784.4814147055149,-551.590364664793
-821.2221918702126,-929.050987392664,-795.9703873693943,-555.7790526151657
-817.1531807184219,-908.8256084322929,-785.3191522955894,-561.5235389471054
-811.7677247822285,-917.5620147287846,-789.9865474402905,-548.7181214988232
-811.6480479836464,-935.7528881132603,-802.0739040970802,-546.8032927215099
-821.2221918702126,-929.050987392664,-795.9703873693943,-555.7790526151657
-817.1531807184219,-908.8256084322929,-785.3191522955894,-561.5235389471054
-811.7677247822285,-917.5620147287846,-789.9865474402905,-548.7181214988232
-811.6480479836464,-935.7528881132603,-802.0739040970802,-546.8032927215099
-805.1855008602142,-927.495189011097,-789.7471938431263,-545.4868479371071
-806.9806528389454,-952.2682863175869,-805.1855008602142,-536.2717344462872
-807.8183904290199,-966.6295021474361,-812.8448159694672,-544.4097567498684
-802.6722880899906,-949.6353967487812,-796.8081249594688,-543.6916959583759
-792.9784674048424,-966.2704717516899,-805.9035616517067,-527.4156513512135
-794.6539425849915,-978.1184748113155,-810.6906335949898,-529.6895105242729
-791.0636386275291,-975.6052620410919,-804.1084096729755,-538.9046240150928
-784.0027075111866,-988.4106794893742,-809.2545120120049,-532.4420768916607
-784.1223843097687,-1002.6522185206413,-814.6399679481983,-529.6895105242729
-787.3536578714848,-996.9077321887016,-805.9035616517067,-529.9288641214371
-776.7024227976799,-996.0699945986271,-799.4410145282745,-525.8598529696465
-778.9762819707394,-1021.6808294951916,-815.2383519411087,-520.1153666377068
-794.1752353906631,-1035.0846309363842,-826.1289406120777,-532.920784085989
-793.0981442034245,-1031.9730341732502,-816.0760895311832,-534.7159360647202
-785.3191522955894,-1043.7013604342937,-824.6928190290928,-529.5698337256908
-783.5240003168583,-1044.2997444272041,-824.9321726262569,-526.5779137611389
-772.7530884444714,-1020.4840615093708,-800.7574593126774,-514.7299107015133
-769.5218148827553,-1026.946608632803,-809.1348352134228,-510.5412227511406
-793.0981442034245,-1064.6448001861572,-838.3359740674496,-531.1256321072578
-784.601091504097,-1049.0868163704872,-826.8470014035702,-529.0911265313625
-772.0350276529789,-1041.3078244626522,-812.605462372303,-518.918598651886
-775.0269476175308,-1062.3709410130978,-831.0356893539429,-517.6021538674831
-772.274381250143,-1055.5493634939194,-821.7008990645409,-512.4560515284538
-761.7428229749203,-1040.7094404697418,-803.1509952843189,-507.7886563837528
-758.27219581604,-1055.3100098967552,-812.605462372303,-498.33418929576874
-768.5644004940987,-1074.8173280656338,-823.6157278418541,-508.62639397382736
-747.261930346489,-1042.8636228442192,-795.2523265779018,-497.85548210144043
-765.2134501338005,-1074.5779744684696,-817.9909183084965,-512.5757283270359
-784.3617379069328,-1109.284246057272,-845.5165819823742,-523.7056705951691
-765.3331269323826,-1080.6814911961555,-817.3925343155861,-509.4641315639019
-742.71421200037,-1064.405446588993,-795.7310337722301,-491.2732581794262
-762.939590960741,-1101.9839613437653,-829.3602141737938,-504.3180292248726
-770.0005220770836,-1108.6858620643616,-828.7618301808834,-516.7644162774086
-747.7406375408173,-1079.963430404663,-799.8000449240208,-502.0441700518131
-718.8985290825367,-1063.2086786031723,-775.385978013277,-461.473735332489
-739.7222920358181,-1093.965615838766,-801.8345504999161,-483.8532966673374
-702.3831308782101,-1049.9245539605618,-763.0592677593231,-460.3966441452503
-740.9190600216389,-1095.1623838245869,-799.8000449240208,-493.7864709496498
-705.7340812385082,-1067.1580129563808,-773.3514724373817,-451.42088425159454
-799.9197217226028,-1168.1652309596539,-843.1230460107327,-539.8620384037495
-733.8581289052963,-1104.2578205168247,-813.0841695666313,-500.0096644759178
-733.7384521067142,-1103.180729329586,-815.8367359340191,-488.7600454092026
-745.9454855620861,-1132.1425145864487,-825.5305566191673,-504.1983524262905
-770.4792292714119,-1167.5668469667435,-837.9769436717033,-533.9978752732277
-685.6283790767193,-1091.3327262699604,-781.9682019352913,-464.585332095623
-611.3090871572495,-1007.0802600681782,-707.4095564186573,-379.2557747066021
-679.046155154705,-1053.0361507236958,-741.158413618803,-451.7799146473408
-662.1717265546322,-1038.5552580952644,-728.9513801634312,-428.0839085280895
-735.0548968911171,-1109.284246057272,-815.5973823368549,-497.0177445113659
-719.1378826797009,-1073.740236878395,-768.5644004940987,-466.3804840743542
-689.0990062355995,-1044.4194212257862,-705.9734348356724,-426.28875654935837
-808.2970976233482,-1152.4875703454018,-829.9585981667042,-537.4685024321079
-725.9594601988792,-1025.1514566540718,-771.9153508543968,-474.39882957935333
-711.7179211676121,-955.619236677885,-751.2112646996975,-474.6381831765175
-775.5056548118591,-978.2381516098976,-800.159075319767,-525.7401761710644
-1008.1573512554169,-1208.85534247756,-1032.2123877704144,-749.5357895195484
-716.1459627151489,-854.3726650774479,-736.6106952726841,-482.05814468860626
-712.9146891534328,-808.6561280190945,-733.9778057038784,-491.2732581794262
-828.8815069794655,-918.280075520277,-838.0966204702854,-602.2136504650116
-801.1164897084236,-840.2508028447628,-796.4490945637226,-583.6637466847897
-727.8742889761925,-722.3691562414169,-713.5130731463432,-527.6550049483776
-683.8332270979881,-631.6541429162025,-660.6159281730652,-517.1234466731548
-813.0841695666313,-716.6246699094772,-744.6290407776833,-655.9485330283642
-798.6032769382,-650.5630770921707,-700.1092717051506,-622.0799990296364
-728.5923497676849,-555.3003454208374,-630.6967285275459,-541.7768671810627
-689.817067027092,-531.0059553086758,-601.256236076355,-520.1153666377068
-737.5681096613407,-596.588840931654,-636.3215380609035,-586.4163130521774
-715.0688715279102,-578.8766747415066,-617.2929270863533,-559.0103261768818
-710.4014763832092,-550.7526270747185,-604.7268632352352,-539.143977612257
-704.8963436484337,-498.33418929576874,-558.1725885868073,-519.3973058462143
-760.0673477947712,-530.1682177186012,-610.9500567615032,-575.1666939854622
-722.9675402343273,-503.7196452319622,-583.1850394904613,-537.2291488349438
-725.3610762059689,-508.028009980917,-588.809849023819,-553.6248702406883
-681.9183983206749,-467.45757526159286,-550.9919806718826,-527.2959745526314
-701.9044236838818,-510.78057634830475,-599.700437694788,-547.7607071101665
-719.377236276865,-517.1234466731548,-594.6740121543407,-549.1968286931515
-711.4785675704479,-488.7600454092026,-586.8950202465057,-547.8803839087486
-728.1136425733566,-516.7644162774086,-590.8443545997143,-548.9574750959873
-719.0182058811188,-537.4685024321079,-603.1710648536682,-542.7342815697193
-727.8742889761925,-545.8458783328533,-598.3839929103851,-550.7526270747185
-720.8133578598499,-548.0000607073307,-589.0492026209831,-539.5030080080032
-727.0365513861179,-575.4060475826263,-608.9155511856079,-541.1784831881523
-722.9675402343273,-580.7915035188198,-587.1343738436699,-529.9288641214371
-757.7934886217117,-630.0983445346355,-614.3010071218014,-563.1990141272545
-758.9902566075325,-658.5814225971699,-630.3376981317997,-557.9332349896431
-739.602615237236,-658.5814225971699,-618.1306646764278,-543.9310495555401
-747.7406375408173,-676.7722959816456,-615.9764823019505,-554.1035774350166
-741.7567976117134,-692.2106029987335,-625.1915957927704,-547.6410303115845
-739.602615237236,-715.3082251250744,-631.0557589232922,-538.1865632236004
-669.3523344695568,-644.6989139616489,-555.1806686222553,-469.73143443465233
-802.7919648885727,-790.2259010374546,-689.5777134299278,-600.6578520834446
-787.5930114686489,-792.4997602105141,-683.3545199036598,-568.9435004591942
-758.6312262117863,-777.4204835891724,-655.9485330283642,-541.6571903824806
-756.596720635891,-776.3433924019337,-648.5285715162754,-547.2819999158382
-759.827994197607,-798.0048929452896,-661.812696158886,-529.6895105242729
-757.9131654202938,-809.7332192063332,-668.7539504766464,-529.5698337256908
-754.4425382614136,-839.054034858942,-675.6952047944069,-523.7056705951691
-761.9821765720844,-844.5591675937176,-672.703284829855,-528.1337121427059
-761.9821765720844,-843.9607836008072,-663.0094641447067,-518.2005378603935
-759.4689638018608,-865.9813145399094,-675.5755279958248,-509.70348516106606
-775.7450084090233,-890.1560278534889,-682.7561359107494,-524.7827617824078
-763.2986213564873,-875.0767512321472,-664.2062321305275,-516.1660322844982
-763.2986213564873,-887.4034614861012,-677.8493871688843,-510.66089954972267
-764.2560357451439,-897.4563125669956,-684.3119342923164,-511.37896034121513
-762.5805605649948,-894.5840694010258,-675.6952047944069,-521.1924578249454
-763.1789445579052,-912.4159123897552,-680.8413071334362,-510.4215459525585
-767.2479557096958,-935.274180918932,-697.4763821363449,-509.583808362484
-768.8037540912628,-929.7690481841564,-690.4154510200024,-520.2350434362888
-766.1708645224571,-928.9313105940819,-684.1922574937344,-516.0463554859161
-756.8360742330551,-935.1545041203499,-685.5087022781372,-502.7622308433056
-761.0247621834278,-936.949656099081,-682.7561359107494,-511.9773443341255
-738.1664936542511,-905.7140116691589,-647.0924499332905,-495.8209765255451
-787.9520418643951,-954.1831150949001,-689.4580366313457,-528.7320961356163
-798.4836001396179,-958.611156642437,-692.928663790226,-531.8436928987503
-780.4124035537243,-917.2029843330383,-656.5469170212746,-519.3973058462143
-772.5137348473072,-909.1846388280392,-651.2811378836632,-509.22477796673775
-775.6253316104412,-916.9636307358742,-654.033704251051,-503.95899882912636
-784.9601218998432,-907.6288404464722,-644.9382675588131,-511.139606744051
-784.2420611083508,-899.3711413443089,-642.6644083857536,-510.9002531468868
-786.8749506771564,-906.1927188634872,-647.930187523365,-505.8738276064396
-792.7391138076782,-910.2617300152779,-654.3927346467972,-520.474397033453
-789.9865474402905,-900.2088789343834,-647.4514803290367,-524.9024385809898
-792.8587906062603,-918.280075520277,-658.820776194334,-520.8334274291992
-789.7471938431263,-918.7587827146053,-657.7436850070953,-514.0118499100208
-791.0636386275291,-919.4768435060978,-654.3927346467972,-519.5169826447964
-795.8507105708122,-934.5561201274395,-670.7884560525417,-526.8172673583031
-790.1062242388725,-936.5906257033348,-676.4132655858994,-517.9611842632294
-770.1201988756657,-911.0994676053524,-657.7436850070953,-501.80481645464897
-781.8485251367092,-927.3755122125149,-671.5065168440342,-512.0970211327076
-799.6803681254387,-952.387963116169,-700.707655698061,-523.8253473937511
-814.2809375524521,-963.5179053843021,-701.4257164895535,-537.4685024321079
-807.6987136304379,-957.6537422537804,-687.3038542568684,-539.9817152023315
-808.0577440261841,-974.4084940552711,-710.2817995846272,-528.3730657398701
-811.049663990736,-985.7777899205685,-716.7443467080593,-530.7666017115116
-790.824285030365,-958.3718030452728,-689.0990062355995,-517.4824770689011
-773.83017963171,-949.396043151617,-687.4235310554504,-505.1557668149471
-775.8646852076054,-966.0311181545258,-707.4095564186573,-507.4296259880066
-789.268486648798,-972.9723724722862,-711.8375979661942,-523.9450241923332
-779.5746659636497,-970.8181900978088,-706.5718188285828,-518.0808610618114
-777.4204835891724,-982.7858699560165,-714.8295179307461,-513.2937891185284
-787.1143042743206,-989.2484170794487,-726.5578441917896,-521.9105186164379
-779.5746659636497,-968.7836845219135,-718.4198218882084,-524.0647009909153
-771.0776132643223,-980.0333035886288,-725.8397834002972,-515.4479714930058
-777.4204835891724,-986.8548811078072,-733.4990985095501,-523.2269634008408
-776.1040388047695,-979.0758891999722,-728.1136425733566,-527.7746817469597
-772.5137348473072,-989.9664778709412,-731.2252393364906,-523.3466401994228
-776.1040388047695,-979.0758891999722,-728.1136425733566,-527.7746817469597
-772.5137348473072,-989.9664778709412,-731.2252393364906,-523.3466401994228
-767.8463397026062,-997.1470857858658,-747.0225767493248,-519.0382754504681
-765.4528037309647,-994.9929034113884,-741.2780904173851,-523.1072866022587
-754.3228614628315,-995.2322570085526,-736.8500488698483,-514.6102339029312
-751.3309414982796,-1007.7983208596706,-748.6980519294739,-510.30186915397644
-757.7934886217117,-1018.8085863292217,-754.0835078656673,-519.5169826447964
-748.937405526638,-1006.9605832695961,-746.7832231521606,-518.918598651886
-738.5255240499973,-1018.6889095306396,-758.5115494132042,-509.9428387582302
-741.2780904173851,-1028.622083812952,-764.8544197380543,-508.5067171752453
-740.5600296258926,-1020.1250311136246,-757.9131654202938,-509.70348516106606
-741.6371208131313,-1034.1272165477276,-772.3940580487251,-517.0037698745728
-736.8500488698483,-1041.068470865488,-772.6334116458893,-501.80481645464897
-739.0042312443256,-1033.5288325548172,-762.2215301692486,-507.4296259880066
-727.1562281847,-1023.7153350710869,-754.4425382614136,-496.65871411561966
-741.038736820221,-1050.5229379534721,-774.7875940203667,-503.1212612390518
-760.4263781905174,-1068.83348813653,-792.6194370090961,-526.4582369625568
-754.9212454557419,-1055.070656299591,-776.941776394844,-521.6711650192738
-744.9880711734295,-1055.9083938896656,-782.4469091296196,-506.59188839793205
-752.7670630812645,-1063.3283554017544,-787.5930114686489,-511.37896034121513
-746.6635463535786,-1042.7439460456371,-776.1040388047695,-513.6528195142746
-746.0651623606682,-1058.3019298613071,-787.4733346700668,-511.6183139383793
-747.5012839436531,-1056.387101083994,-796.2097409665585,-512.0970211327076
-742.2355048060417,-1043.8210372328758,-785.4388290941715,-511.6183139383793
-737.0894024670124,-1040.829117268324,-783.7633539140224,-512.5757283270359
-742.3551816046238,-1050.163907557726,-798.9623073339462,-503.360614836216
-745.2274247705936,-1053.27550432086,-793.8162049949169,-509.9428387582302
-739.1239080429077,-1037.71752050519,-777.3008067905903,-503.7196452319622
-736.1319880783558,-1048.0097251832485,-784.601091504097,-503.95899882912636
-749.6554663181305,-1059.8577282428741,-796.0900641679764,-508.9854243695736
-738.1664936542511,-1039.7520260810852,-776.822099596262,-509.10510116815567
-738.1664936542511,-1043.8210372328758,-778.2582211792469,-505.2754436135292
-736.1319880783558,-1045.9752196073532,-786.0372130870819,-495.70129972696304
-739.7222920358181,-1041.9062084555626,-778.6172515749931,-505.1557668149471
-744.6290407776833,-1047.5310179889202,-776.822099596262,-509.22477796673775
-740.2009992301464,-1055.4296866953373,-780.1730499565601,-499.88998767733574
-748.2193447351456,-1054.950979501009,-782.2075555324554,-507.4296259880066
-744.3896871805191,-1040.948794066906,-764.375712543726,-501.6851396560669
-739.3632616400719,-1050.283584356308,-774.1892100274563,-490.91422778367996
-756.2376902401447,-1065.96124497056,-787.9520418643951,-508.74607077240944
-764.1363589465618,-1054.3525955080986,-781.0107875466347,-507.19027239084244
-757.4344582259655,-1064.166092991829,-774.9072708189487,-494.02582454681396
-747.9799911379814,-1067.8760737478733,-773.710502833128,-479.3055783212185
-758.152519017458,-1067.0383361577988,-775.5056548118591,-499.5309572815895
-747.261930346489,-1059.9774050414562,-771.7956740558147,-500.7277252674103
-742.594535201788,-1059.8577282428741,-775.1466244161129,-484.5713574588299
-733.8581289052963,-1051.6000291407108,-768.2053700983524,-481.10073029994965
-736.491018474102,-1040.1110564768314,-758.7509030103683,-485.4090950489044
-751.6899718940258,-1067.8760737478733,-782.5665859282017,-496.0603301227093
-752.5277094841003,-1068.83348813653,-781.489494740963,-497.0177445113659
-738.2861704528332,-1046.2145732045174,-778.9762819707394,-485.0500646531582
-747.261930346489,-1034.84527733922,-776.3433924019337,-496.18000692129135
-745.1077479720116,-1039.0339652895927,-781.0107875466347,-488.5206918120384
-753.2457702755928,-1038.7946116924286,-779.933696359396,-491.2732581794262
-746.5438695549965,-1022.279213488102,-768.6840772926807,-494.8635621368885
-750.373527109623,-1034.725600540638,-783.4043235182762,-490.91422778367996
-756.2376902401447,-1037.71752050519,-781.6091715395451,-494.9832389354706
-748.937405526638,-1014.8592519760132,-766.8889253139496,-494.9832389354706
-753.8441542685032,-1024.5530726611614,-778.2582211792469,-495.9406533241272
-756.3573670387268,-1037.5978437066078,-793.5768513977528,-493.7864709496498
-754.0835078656673,-1022.5185670852661,-783.1649699211121,-493.7864709496498
-761.0247621834278,-1020.4840615093708,-787.712688267231,-497.13742130994797
-759.2296102046967,-1030.6565893888474,-798.4836001396179,-494.14550134539604
-775.266301214695,-1032.8107717633247,-805.9035616517067,-505.03609001636505
-755.8786598443985,-1009.2344424426556,-789.9865474402905,-497.3767749071121
-751.2112646996975,-1010.9099176228046,-792.9784674048424,-489.83713659644127
-751.92932549119,-1011.6279784142971,-797.4065089523792,-486.0074790418148
-741.158413618803,-984.5810219347477,-786.5159202814102,-485.5287718474865
-756.9557510316372,-1009.7131496369839,-807.1003296375275,-500.1293412744999
-722.6085098385811,-977.1610604226589,-778.8566051721573,-458.0031081736088
-766.1708645224571,-1001.4554505348206,-811.6480479836464,-505.51479721069336
-746.9028999507427,-982.5465163588524,-797.4065089523792,-488.7600454092026
-739.1239080429077,-986.615527510643,-804.4674400687218,-482.4171750843525
-759.708317399025,-985.1794059276581,-822.0599294602871,-507.54930278658867
-727.7546121776104,-963.6375821828842,-781.1304643452168,-478.3481639325619
-668.035889685154,-930.8461393713951,-736.37134167552,-414.5604302883148
-767.7266629040241,-1029.3401446044445,-835.3440541028976,-510.9002531468868
-818.3499487042427,-1060.3364354372025,-878.4277015924454,-567.028671681881
-734.3368360996246,-996.3093481957912,-809.3741888105869,-489.83713659644127
-769.2824612855911,-1031.2549733817577,-860.83521220088,-526.4582369625568
-739.482938438654,-1008.6360584497452,-837.498236477375,-512.4560515284538
-632.8509109020233,-911.6978515982628,-748.817728728056,-420.3049166202545
-716.265639513731,-1033.5288325548172,-833.7882557213306,-494.8635621368885
-668.9933040738106,-989.3680938780308,-781.8485251367092,-451.6602378487587
-588.6901722252369,-871.1274168789387,-699.0321805179119,-388.1118578016758
-644.4595603644848,-926.2984210252762,-756.2376902401447,-427.00681734085083
-631.8934965133667,-906.0730420649052,-738.7648776471615,-404.7469328045845
-779.3353123664856,-997.2667625844479,-858.8007066249847,-548.8377982974052
-841.3278940320015,-1041.5471780598164,-894.1053622066975,-582.1079483032227
-840.490156441927,-1061.293849825859,-871.2470936775208,-556.9758206009865
-743.1929191946983,-929.7690481841564,-763.2986213564873,-475.1168903708458
-773.1121188402176,-937.3086864948273,-805.9035616517067,-533.8781984746456
-709.5637387931347,-830.6766589581966,-746.6635463535786,-476.91204234957695
-742.8338887989521,-757.6738118231297,-725.2413994073868,-510.4215459525585
-851.2610683143139,-792.9784674048424,-779.933696359396,-598.8627001047134
-761.8624997735023,-681.0806607306004,-688.5006222426891,-500.0096644759178
-736.6106952726841,-626.0293333828449,-675.5755279958248,-491.1535813808441
-859.0400602221489,-732.0629769265652,-775.6253316104412,-618.4896950721741
-820.8631614744663,-709.2047083973885,-757.3147814273834,-596.588840931654
-776.7024227976799,-686.5857934653759,-727.9939657747746,-564.1564285159111
-710.042445987463,-602.5726808607578,-647.2121267318726,-508.62639397382736
-754.3228614628315,-638.1166900396347,-660.6159281730652,-539.143977612257
-809.9725728034973,-677.1313263773918,-692.0909262001514,-562.1219229400158
-852.8168666958809,-686.2267630696297,-686.1070862710476,-577.4405531585217
-804.5871168673038,-573.251865208149,-605.8039544224739,-522.2695490121841
-831.5143965482712,-580.1931195259094,-633.6886484920979,-553.3855166435242
-842.165631622076,-588.929525822401,-658.3420690000057,-580.6718267202377
-818.3499487042427,-565.472873300314,-635.0050932765007,-582.9456858932972
-787.3536578714848,-534.3569056689739,-609.6336119771004,-550.6329502761364
-792.4997602105141,-564.1564285159111,-627.2261013686657,-563.3186909258366
-734.4565128982067,-510.5412227511406,-564.6351357102394,-523.9450241923332
-771.4366436600685,-556.1380830109119,-596.9478713274002,-561.2841853499413
-779.3353123664856,-579.475058734417,-612.5058551430702,-562.9596605300903
-810.5709567964077,-600.5381752848625,-614.8993911147118,-576.1241083741188
-805.1855008602142,-582.586655497551,-586.4163130521774,-562.1219229400158
-787.9520418643951,-597.1872249245644,-582.706332296133,-549.7952126860619
-771.3169668614864,-614.8993911147118,-592.041122585535,-553.6248702406883
-774.4285636246204,-633.5689716935158,-588.6901722252369,-568.70414686203
-751.3309414982796,-638.2363668382168,-582.3473019003868,-549.1968286931515
-754.5622150599957,-672.1049008369446,-594.5543353557587,-549.9148894846439
-758.152519017458,-686.705470263958,-588.4508186280727,-554.701961427927
-739.3632616400719,-686.705470263958,-571.815743625164,-536.032380849123
-752.7670630812645,-727.9939657747746,-596.588840931654,-541.5375135838985
-771.7956740558147,-755.3999526500702,-605.0858936309814,-557.0954973995686
-757.3147814273834,-748.3390215337276,-585.0998682677746,-544.7687871456146
-764.9740965366364,-793.4571745991707,-607.8384599983692,-541.5375135838985
-777.4204835891724,-819.9057470858097,-616.2158358991146,-550.3935966789722
-759.708317399025,-810.0922496020794,-598.144639313221,-539.3833312094212
-762.3412069678307,-825.1715262234211,-608.0778135955334,-536.8701184391975
-765.2134501338005,-840.3704796433449,-612.146824747324,-523.585993796587
-756.716397434473,-829.71924456954,-598.264316111803,-516.8840930759907
-758.0328422188759,-837.9769436717033,-598.6233465075493,-520.474397033453
-766.8889253139496,-863.4681017696857,-627.4654549658298,-520.3547202348709
-764.7347429394722,-861.9123033881187,-618.8487254679203,-513.0544355213642
-760.1870245933533,-856.6465242505074,-609.6336119771004,-516.7644162774086
-755.9983366429806,-863.1090713739395,-622.6783830225468,-501.6851396560669
-765.931510925293,-872.6832152605057,-636.8002452552319,-510.0625155568123
-763.2986213564873,-859.159737020731,-626.3883637785912,-516.6447394788265
-756.9557510316372,-864.9042233526707,-635.2444468736649,-504.43770602345467
-752.049002289772,-870.8880632817745,-639.1937812268734,-500.6080484688282
-767.606986105442,-875.6751352250576,-640.15119561553,-514.8495875000954
-756.8360742330551,-885.1296023130417,-636.0821844637394,-505.7541508078575
-760.4263781905174,-911.0994676053524,-649.7253395020962,-506.2328580021858
-775.385978013277,-927.2558354139328,-651.6401682794094,-519.0382754504681
-760.4263781905174,-906.9107796549797,-628.1835157573223,-514.1315267086029
-771.4366436600685,-926.6574514210224,-636.4412148594856,-508.5067171752453
-788.6701026558876,-937.3086864948273,-640.8692564070225,-514.9692642986774
-784.7207683026791,-917.0833075344563,-621.9603222310543,-514.3708803057671
-793.4571745991707,-923.5458546578884,-620.6438774466515,-513.0544355213642
-799.5606913268566,-930.606785774231,-630.816405326128,-509.583808362484
-799.6803681254387,-908.8256084322929,-614.3010071218014,-506.3525348007679
-819.0680094957352,-912.8946195840836,-625.3112725913525,-525.5008225739002
-825.5305566191673,-917.5620147287846,-642.0660243928432,-521.1924578249454
-825.8895870149136,-905.9533652663231,-634.2870324850082,-521.5514882206917
-816.5547967255116,-879.5047927796841,-620.7635542452335,-514.9692642986774
-818.9483326971531,-888.6002294719219,-638.8347508311272,-510.66089954972267
-821.5812222659588,-879.9834999740124,-643.6218227744102,-516.7644162774086
-819.9057470858097,-855.4497562646866,-632.1328501105309,-522.03019541502
-808.0577440261841,-850.6626843214035,-637.9970132410526,-513.6528195142746
-811.049663990736,-871.606124073267,-659.7781905829906,-522.3892258107662
-823.0173438489437,-878.4277015924454,-669.9507184624672,-542.3752511739731
-808.2970976233482,-872.2045080661774,-665.6423537135124,-534.1175520718098
-806.2625920474529,-896.2595445811749,-678.0887407660484,-529.5698337256908
-803.5100256800652,-897.3366357684135,-683.3545199036598,-538.1865632236004
-790.824285030365,-892.7889174222946,-670.1900720596313,-532.920784085989
-800.159075319767,-921.7507026791573,-694.7238157689571,-537.2291488349438
-805.7838848531246,-944.9680016040802,-717.821437895298,-548.2394143044949
-792.6194370090961,-930.9658161699772,-709.6834155917168,-549.1968286931515
-782.9256163239479,-939.8218992650509,-719.0182058811188,-538.7849472165108
-783.6436771154404,-951.4305487275124,-734.5761896967888,-539.143977612257
-777.3008067905903,-938.1464240849018,-729.6694409549236,-542.1358975768089
-761.8624997735023,-923.0671474635601,-719.6165898740292,-532.8011072874069
-782.8059395253658,-969.1427149176598,-756.4770438373089,-546.8032927215099
-795.8507105708122,-982.5465163588524,-770.4792292714119,-553.8642238378525
-779.6943427622318,-947.3615375757217,-752.4080326855183,-543.5720191597939
-770.2398756742477,-960.2866318225861,-766.4102181196213,-534.5962592661381
-764.6150661408901,-964.5949965715408,-772.154704451561,-528.9714497327805
-756.716397434473,-952.507639914751,-764.375712543726,-533.7585216760635
-759.4689638018608,-963.6375821828842,-776.2237156033516,-531.7240161001682
-762.2215301692486,-978.3578284084797,-791.6620226204395,-529.2108033299446
-767.8463397026062,-979.3152427971363,-784.7207683026791,-540.9391295909882
-764.6150661408901,-972.9723724722862,-783.8830307126045,-533.2798144817352
-759.708317399025,-993.6764586269855,-795.3720033764839,-529.2108033299446
-759.1099334061146,-1008.396704852581,-795.7310337722301,-529.0911265313625
-753.3654470741749,-1007.6786440610886,-787.3536578714848,-526.9369441568851
-761.1444389820099,-1039.392995685339,-812.8448159694672,-532.5617536902428
-757.0754278302193,-1046.3342500030994,-813.6825535595417,-528.1337121427059
-752.049002289772,-1037.1191365122795,-795.2523265779018,-529.5698337256908
-754.4425382614136,-1056.9854850769043,-814.8793215453625,-525.9795297682285
-757.6738118231297,-1067.8760737478733,-829.71924456954,-519.8760130405426
-759.2296102046967,-1061.7725570201874,-816.9138271212578,-526.3385601639748
-746.3045159578323,-1062.9693250060081,-812.9644927680492,-518.2005378603935
-746.3045159578323,-1080.2027840018272,-829.4798909723759,-514.4905571043491
-741.6371208131313,-1075.17635846138,-820.6238078773022,-516.4053858816624
-741.9961512088776,-1067.1580129563808,-813.2038463652134,-521.1924578249454
-740.2009992301464,-1088.6998367011547,-826.487971007824,-512.9347587227821
-744.3896871805191,-1095.6410910189152,-833.7882557213306,-513.4134659171104
-743.7913031876087,-1086.7850079238415,-822.4189598560333,-518.3202146589756
-736.7303720712662,-1090.73434227705,-832.4718109369278,-514.0118499100208
-741.2780904173851,-1098.633010983467,-840.9688636362553,-507.07059559226036
-736.7303720712662,-1090.73434227705,-832.4718109369278,-514.0118499100208
-741.2780904173851,-1098.633010983467,-840.9688636362553,-507.07059559226036
-742.2355048060417,-1096.2394750118256,-839.1737116575241,-515.4479714930058
-727.0365513861179,-1085.8275935351849,-825.5305566191673,-494.62420853972435
-735.5336040854454,-1100.3084861636162,-836.6604988873005,-493.1880869567394
-753.2457702755928,-1116.943561166525,-855.3300794661045,-516.2857090830803
-740.7993832230568,-1093.4869086444378,-833.9079325199127,-505.2754436135292
-739.0042312443256,-1104.736527711153,-842.2853084206581,-503.48029163479805
-743.9109799861908,-1109.1645692586899,-846.833026766777,-509.583808362484
-739.0042312443256,-1091.6917566657066,-835.1047005057335,-508.8657475709915
-733.9778057038784,-1096.837859004736,-837.498236477375,-504.7967364192009
-738.5255240499973,-1107.3694172799587,-849.944623529911,-498.81289649009705
-734.4565128982067,-1088.1014527082443,-832.4718109369278,-496.65871411561966
-728.5923497676849,-1086.066947132349,-826.487971007824,-491.51261177659035
-748.6980519294739,-1121.4912795126438,-856.167817056179,-521.0727810263634
-740.4403528273106,-1103.300406128168,-840.9688636362553,-509.583808362484
-734.6958664953709,-1091.0933726727962,-824.6928190290928,-506.8312419950962
-736.9697256684303,-1106.29232609272,-836.6604988873005,-501.92449325323105
-743.5519495904446,-1113.3532572090626,-841.6869244277477,-502.2835236489773
-737.4484328627586,-1088.9391902983189,-821.4615454673767,-502.7622308433056
-740.6797064244747,-1097.4362429976463,-827.2060317993164,-499.5309572815895
-744.6290407776833,-1110.7203676402569,-838.4556508660316,-495.9406533241272
-745.706131964922,-1102.5823453366756,-829.3602141737938,-504.6770596206188
-742.3551816046238,-1096.957535803318,-826.487971007824,-503.95899882912636
-738.046816855669,-1109.7629532516003,-829.9585981667042,-494.62420853972435
-739.0042312443256,-1100.7871933579445,-825.051849424839,-498.33418929576874
-744.3896871805191,-1086.4259775280952,-818.1105951070786,-497.13742130994797
-757.7934886217117,-1102.9413757324219,-832.2324573397636,-501.2064324617386
-753.0064166784286,-1111.4384284317493,-834.8653469085693,-505.63447400927544
-746.0651623606682,-1095.0427070260048,-823.6157278418541,-508.9854243695736
-734.4565128982067,-1095.401737421751,-822.4189598560333,-501.2064324617386
-732.3023305237293,-1101.3855773508549,-829.71924456954,-497.6161285042763
-735.6532808840275,-1090.4949886798859,-825.4108798205853,-503.7196452319622
-726.3184905946255,-1084.3914719522,-823.6157278418541,-494.2651781439781
-726.3184905946255,-1092.7688478529453,-833.3095485270023,-489.35842940211296
-726.7971977889538,-1078.7666624188423,-827.4453853964806,-495.8209765255451
-713.2737195491791,-1058.182253062725,-813.9219071567059,-491.6322885751724
-708.6063244044781,-1060.4561122357845,-818.4696255028248,-478.58751752972603
-741.038736820221,-1089.4178974926472,-851.1413915157318,-508.8657475709915
-736.1319880783558,-1068.7138113379478,-833.1898717284203,-508.3870403766632
-720.8133578598499,-1067.1580129563808,-828.2831229865551,-494.62420853972435
-729.7891177535057,-1073.9795904755592,-838.3359740674496,-493.7864709496498
-730.7465321421623,-1061.6528802216053,-830.9160125553608,-496.65871411561966
-726.5578441917896,-1054.3525955080986,-828.043769389391,-493.3077637553215
-722.2494794428349,-1062.610294610262,-832.9505181312561,-482.53685188293457
-731.4645929336548,-1061.8922338187695,-837.0195292830467,-497.73580530285835
-725.4807530045509,-1046.3342500030994,-821.7008990645409,-490.55519738793373
-727.1562281847,-1066.2005985677242,-837.6179132759571,-495.10291573405266
-728.1136425733566,-1062.849648207426,-836.8998524844646,-490.1961669921875
-743.7913031876087,-1065.4825377762318,-841.5672476291656,-513.4134659171104
-717.2230539023876,-1048.4884323775768,-823.3763742446899,-482.4171750843525
-732.3023305237293,-1068.7138113379478,-848.8675323426723,-496.8980677127838
-734.3368360996246,-1052.5574435293674,-839.7720956504345,-502.1638468503952
-718.4198218882084,-1041.9062084555626,-821.8205758631229,-487.92230781912804
-701.4257164895535,-1017.4921415448189,-815.3580287396908,-470.808525621891
-741.3977672159672,-1074.4582976698875,-840.3704796433449,-506.47221159935
-707.5292332172394,-1052.7967971265316,-825.051849424839,-476.5530119538307
-712.1966283619404,-1047.7703715860844,-830.9160125553608,-481.3400838971138
-723.0872170329094,-1047.291664391756,-830.5569821596146,-491.7519653737545
-707.6489100158215,-1039.0339652895927,-826.9666782021523,-485.16974145174026
-717.821437895298,-1057.7035458683968,-852.8168666958809,-490.3158437907696
-716.8640235066414,-1044.4194212257862,-831.155366152525,-492.2306725680828
-706.3324652314186,-1058.5412834584713,-836.8998524844646,-496.18000692129135
-629.1409301459789,-996.1896713972092,-769.7611684799194,-416.1162286698818
-647.0924499332905,-1010.6705640256405,-783.4043235182762,-437.6580524146557
-661.5733425617218,-1027.3056390285492,-814.0415839552879,-476.5530119538307
-737.3287560641766,-1133.8179897665977,-891.4724726378918,-539.3833312094212
-610.7107031643391,-980.392333984375,-743.0732423961163,-404.02887201309204
-689.4580366313457,-1010.7902408242226,-807.6987136304379,-496.8980677127838
-719.0182058811188,-1035.6830149292946,-849.944623529911,-517.4824770689011
-533.3994912803173,-816.6744735240936,-642.1857011914253,-319.7764058113098
-544.2900799512863,-812.0070783793926,-637.8773364424706,-317.98125383257866
-956.8160046637058,-1263.6673162281513,-1036.401075720787,-715.1885483264923
-617.6519574820995,-903.7991828918457,-715.5475787222385,-382.9657554626465
-626.149010181427,-825.2912030220032,-727.9939657747746,-414.32107669115067
-909.6633460223675,-1056.9854850769043,-968.5443309247494,-687.0645006597042
-907.6288404464722,-1036.8797829151154,-959.9276014268398,-682.2774287164211
-807.1003296375275,-872.8028920590878,-855.3300794661045,-607.479429602623
-730.5071785449982,-721.2920650541782,-757.5541350245476,-546.4442623257637
-682.7561359107494,-621.481615036726,-678.8068015575409,-472.9627079963684
-683.8332270979881,-564.036751717329,-625.1915957927704,-431.55453568696976
-825.2912030220032,-658.9404529929161,-762.819914162159,-597.0675481259823
-775.0269476175308,-562.7203069329262,-707.6489100158215,-554.1035774350166
-755.040922254324,-568.3451164662838,-723.0872170329094,-565.9515804946423
-602.2136504650116,-447.5912266969681,-593.7165977656841,-467.3378984630108
-749.8948199152946,-591.6820921897888,-692.8089869916439,-589.7672634124756
-837.6179132759571,-683.3545199036598,-745.3471015691757,-630.2180213332176
-730.1481481492519,-562.1219229400158,-613.9419767260551,-516.2857090830803
-808.0577440261841,-626.5080405771732,-673.3016688227654,-602.812034457922
-790.9439618289471,-589.4082330167294,-645.4169747531414,-575.5257243812084
-786.0372130870819,-550.6329502761364,-629.8589909374714,-568.8238236606121
-770.1201988756657,-504.6770596206188,-603.5300952494144,-562.2415997385979
-736.6106952726841,-488.40101501345634,-595.6314265429974,-558.0529117882252
-714.2311339378357,-486.24683263897896,-591.6820921897888,-540.9391295909882
-722.6085098385811,-507.9083331823349,-593.47724416852,-560.3267709612846
-722.488833039999,-505.03609001636505,-591.5624153912067,-570.9780060350895
-691.9712494015694,-506.59188839793205,-582.706332296133,-543.0933119654655
-705.8537580370903,-511.9773443341255,-587.0146970450878,-540.4604223966599
-734.6958664953709,-550.5132734775543,-601.0168824791908,-578.2782907485962
-695.4418765604496,-539.0243008136749,-582.1079483032227,-541.6571903824806
-734.6958664953709,-550.5132734775543,-601.0168824791908,-578.2782907485962
-695.4418765604496,-539.0243008136749,-582.1079483032227,-541.6571903824806
-717.5820842981339,-583.7834234833717,-606.5220152139664,-555.1806686222553
-731.9433001279831,-589.7672634124756,-602.9317112565041,-561.6432157456875
-726.4381673932076,-601.4955896735191,-598.0249625146389,-553.7445470392704
-730.3875017464161,-635.0050932765007,-615.258421510458,-551.4706878662109
-732.5416841208935,-644.1005299687386,-601.6152664721012,-544.6491103470325
-748.0996679365635,-667.4375056922436,-604.7268632352352,-556.1380830109119
-764.1363589465618,-714.4704875349998,-624.9522421956062,-557.0954973995686
-761.9821765720844,-726.3184905946255,-616.9338966906071,-543.9310495555401
-774.6679172217846,-736.8500488698483,-612.6255319416523,-561.1645085513592
-768.4447236955166,-750.2538503110409,-610.8303799629211,-541.5375135838985
-774.4285636246204,-774.5482404232025,-620.5242006480694,-537.1094720363617
-777.8991907835007,-767.3676325082779,-611.4287639558315,-536.1520576477051
-770.9579364657402,-772.7530884444714,-605.923631221056,-529.809187322855
-777.4204835891724,-803.1509952843189,-621.2422614395618,-526.697590559721
-763.4182981550694,-785.6781826913357,-601.1365592777729,-517.362800270319
-782.8059395253658,-808.0577440261841,-619.3274326622486,-537.3488256335258
-779.2156355679035,-820.7434846758842,-625.5506261885166,-525.5008225739002
-788.6701026558876,-821.8205758631229,-634.6460628807545,-529.2108033299446
-777.1811299920082,-795.8507105708122,-617.2929270863533,-522.1498722136021
-771.4366436600685,-807.938067227602,-624.7128885984421,-516.2857090830803
-777.1811299920082,-836.0621148943901,-640.15119561553,-521.4318114221096
-790.4652546346188,-844.0804603993893,-638.2363668382168,-532.6814304888248
-787.5930114686489,-854.8513722717762,-636.3215380609035,-525.3811457753181
-790.4652546346188,-878.6670551896095,-654.9911186397076,-528.9714497327805
-799.6803681254387,-883.0950967371464,-649.1269555091858,-533.1601376831532
-819.6663934886456,-899.4908181428909,-659.2994833886623,-558.7709725797176
-796.5687713623047,-886.6854006946087,-648.5285715162754,-530.1682177186012
-798.2442465424538,-890.3953814506531,-652.2385522723198,-528.3730657398701
-796.3294177651405,-870.7683864831924,-634.8854164779186,-531.4846625030041
-787.9520418643951,-874.2390136420727,-645.4169747531414,-529.9288641214371
-808.1774208247662,-891.3527958393097,-663.6078481376171,-536.9897952377796
-802.9116416871548,-879.8638231754303,-651.2811378836632,-541.6571903824806
-795.9703873693943,-869.0929113030434,-646.8530963361263,-531.1256321072578
-813.3235231637955,-888.9592598676682,-665.6423537135124,-534.1175520718098
-824.8124958276749,-886.9247542917728,-673.9000528156757,-545.7262015342712
-807.8183904290199,-873.161922454834,-658.5814225971699,-542.0162207782269
-817.3925343155861,-891.831503033638,-674.9771440029144,-537.4685024321079
-822.4189598560333,-901.8843541145325,-682.6364591121674,-534.1175520718098
-815.3580287396908,-886.4460470974445,-668.8736272752285,-531.4846625030041
-819.4270398914814,-905.3549812734127,-687.5432078540325,-532.4420768916607
-832.9505181312561,-921.8703794777393,-712.3163051605225,-537.9472096264362
-812.605462372303,-891.9511798322201,-681.6790447235107,-508.62639397382736
-822.2992830574512,-902.1237077116966,-693.0483405888081,-535.9127040505409
-836.6604988873005,-932.0429073572159,-728.8317033648491,-539.143977612257
-820.384454280138,-914.5700947642326,-709.3243851959705,-518.3202146589756
-789.268486648798,-883.5738039314747,-676.5329423844814,-490.3158437907696
-813.0841695666313,-911.8175283968449,-706.4521420300007,-519.0382754504681
-823.9747582376003,-934.3167665302753,-730.8662089407444,-530.5272481143475
-759.827994197607,-907.8681940436363,-700.8273324966431,-476.1939815580845
-754.3228614628315,-914.8094483613968,-706.5718188285828,-475.475920766592
-796.8081249594688,-951.7895791232586,-752.5277094841003,-530.7666017115116
-804.3477632701397,-949.9944271445274,-753.9638310670853,-547.4016767144203
-814.2809375524521,-982.6661931574345,-782.8059395253658,-550.7526270747185
-815.9564127326012,-987.3335883021355,-790.4652546346188,-570.7386524379253
-793.0981442034245,-968.0656237304211,-765.6921573281288,-553.9839006364346
-783.5240003168583,-979.1955659985542,-772.7530884444714,-551.7100414633751
-770.9579364657402,-981.7087787687778,-775.385978013277,-537.3488256335258
-784.0027075111866,-987.0942347049713,-780.4124035537243,-559.1300029754639
-775.7450084090233,-979.6742731928825,-770.3595524728298,-549.5558590888977
-770.9579364657402,-990.4451850652695,-779.933696359396,-531.7240161001682
-778.8566051721573,-994.9929034113884,-782.4469091296196,-534.7159360647202
-777.3008067905903,-979.4349195957184,-777.7795139849186,-533.6388448774815
-767.48730930686,-983.9826379418373,-783.5240003168583,-519.8760130405426
-783.04529312253,-994.7535498142242,-793.5768513977528,-528.9714497327805
-781.0107875466347,-992.1206602454185,-788.0717186629772,-532.5617536902428
-770.598906069994,-997.2667625844479,-793.8162049949169,-522.6285794079304
-788.3110722601414,-1026.3482246398926,-819.7860702872276,-550.3935966789722
-774.9072708189487,-1001.6948041319847,-805.5445312559605,-536.032380849123
-765.6921573281288,-998.1045001745224,-799.3213377296925,-524.3040545880795
-761.7428229749203,-1009.2344424426556,-800.7574593126774,-513.0544355213642
-764.6150661408901,-1004.9260776937008,-801.1164897084236,-519.7563362419605
-769.2824612855911,-995.5912874042988,-797.8852161467075,-525.141792178154
-770.0005220770836,-1009.7131496369839,-814.2809375524521,-522.7482562065125
-762.819914162159,-1008.5163816511631,-810.0922496020794,-517.8415074646473
-773.4711492359638,-1005.6441384851933,-806.6216224431992,-534.1175520718098
-779.2156355679035,-1028.50240701437,-824.6928190290928,-539.3833312094212
-769.7611684799194,-1033.6485093533993,-825.4108798205853,-529.6895105242729
-765.6921573281288,-1021.4414758980274,-812.8448159694672,-536.7504416406155
-757.6738118231297,-1018.9282631278038,-813.3235231637955,-532.920784085989
-744.6290407776833,-1025.390810251236,-819.7860702872276,-519.9956898391247
-759.2296102046967,-1040.7094404697418,-829.4798909723759,-536.5110880434513
-756.8360742330551,-1030.8959429860115,-823.1370206475258,-535.7930272519588
-756.2376902401447,-1050.40326115489,-832.1127805411816,-528.4927425384521
-756.596720635891,-1057.4641922712326,-837.0195292830467,-523.585993796587
-753.1260934770107,-1045.3768356144428,-825.051849424839,-528.0140353441238
-756.1180134415627,-1066.4399521648884,-841.4475708305836,-532.2027232944965
-750.7325575053692,-1076.612480044365,-849.5855931341648,-522.03019541502
-743.6716263890266,-1061.293849825859,-829.0011837780476,-506.3525348007679
-745.3471015691757,-1075.4157120585442,-835.5834077000618,-520.2350434362888
-757.0754278302193,-1103.300406128168,-855.3300794661045,-524.7827617824078
-763.8970053493977,-1107.4890940785408,-859.5187674164772,-532.2027232944965
-752.5277094841003,-1098.2739805877209,-843.0033692121506,-522.9876098036766
-752.1686790883541,-1118.738713145256,-858.2023226320744,-519.6366594433784
-754.4425382614136,-1123.286431491375,-860.9548889994621,-516.8840930759907
-738.7648776471615,-1103.180729329586,-837.1392060816288,-511.85766753554344
-743.7913031876087,-1115.0287323892117,-849.1068859398365,-508.74607077240944
-750.2538503110409,-1126.0389978587627,-865.1435769498348,-512.2166979312897
-753.0064166784286,-1120.294511526823,-855.4497562646866,-519.9956898391247
-743.9109799861908,-1124.0044922828674,-857.3645850419998,-506.71156519651413
-736.2516648769379,-1108.0874780714512,-843.721430003643,-503.5999684333801
-738.4058472514153,-1130.8260698020458,-858.0826458334923,-500.24901807308197
-740.0813224315643,-1133.8179897665977,-862.5106873810291,-502.88190764188766
-735.2942504882812,-1120.294511526823,-844.2001371979713,-507.3099491894245
-739.8419688344002,-1137.40829372406,-862.271333783865,-508.14768677949905
-744.6290407776833,-1144.947932034731,-863.2287481725216,-502.7622308433056
-739.3632616400719,-1137.8870009183884,-850.5430075228214,-504.07867562770844
-724.8823690116405,-1127.5947962403297,-845.8756123781204,-494.8635621368885
-730.1481481492519,-1143.631487250328,-858.4416762292385,-494.3848549425602
-740.0813224315643,-1153.2056311368942,-861.7926265895367,-507.3099491894245
-738.046816855669,-1142.075688868761,-851.9791291058064,-511.37896034121513
-731.2252393364906,-1154.7614295184612,-858.8007066249847,-497.0177445113659
-732.9007145166397,-1156.5565814971924,-853.2955738902092,-495.3422693312168
-725.1217226088047,-1137.8870009183884,-842.7640156149864,-495.3422693312168
-719.377236276865,-1144.7085784375668,-844.7985211908817,-489.5977829992771
-727.7546121776104,-1160.0272086560726,-858.6810298264027,-489.83713659644127
-743.1929191946983,-1159.6681782603264,-863.3484249711037,-511.4986371397972
-727.8742889761925,-1143.511810451746,-848.9872091412544,-492.47002616524696
-727.1562281847,-1157.1549654901028,-858.5613530278206,-489.35842940211296
-732.7810377180576,-1152.2482167482376,-852.936543494463,-495.9406533241272
-727.1562281847,-1138.1263545155525,-840.609833240509,-496.2996837198734
-729.9087945520878,-1149.9743575751781,-853.2955738902092,-488.1616614162922
-726.5578441917896,-1148.179205596447,-852.5775130987167,-487.32392382621765
-734.4565128982067,-1136.5705561339855,-844.5591675937176,-502.52287724614143
-720.4543274641037,-1142.3150424659252,-847.0723803639412,-492.3503493666649
-726.3184905946255,-1143.392133653164,-853.4152506887913,-491.99131897091866
-731.1055625379086,-1131.3047769963741,-844.9181979894638,-500.84740206599236
-715.6672555208206,-1120.8928955197334,-833.1898717284203,-487.0845702290535
-714.4704875349998,-1132.2621913850307,-840.0114492475986,-479.7842855155468
-724.1643082201481,-1127.4751194417477,-842.165631622076,-484.0926502645016
-710.1621227860451,-1105.6939420998096,-827.3257085978985,-486.1271558403969
-727.7546121776104,-1134.7754041552544,-855.0907258689404,-496.8980677127838
-731.1055625379086,-1134.177020162344,-855.9284634590149,-496.5390373170376
-721.6510954499245,-1113.2335804104805,-831.6340733468533,-492.47002616524696
-714.8295179307461,-1117.063237965107,-836.1817916929722,-484.21232706308365
-715.6672555208206,-1128.1931802332401,-843.0033692121506,-481.4597606956959
-728.2333193719387,-1117.7812987565994,-838.2162972688675,-494.02582454681396
-722.7281866371632,-1115.2680859863758,-834.9850237071514,-493.06841015815735
-713.0343659520149,-1114.9090555906296,-833.5489021241665,-472.12497040629387
-719.6165898740292,-1113.1139036118984,-833.4292253255844,-481.57943749427795
-737.6877864599228,-1125.5602906644344,-847.4314107596874,-510.18219235539436
-726.1988137960434,-1123.8848154842854,-846.3543195724487,-486.24683263897896
-734.935220092535,-1125.5602906644344,-851.8594523072243,-494.9832389354706
-724.1643082201481,-1106.6513564884663,-835.3440541028976,-490.0764901936054
-723.2068938314915,-1115.2680859863758,-840.9688636362553,-489.5977829992771
-729.3104105591774,-1131.9031609892845,-850.3036539256573,-488.99939900636673
-732.6613609194756,-1119.4567739367485,-842.6443388164043,-495.9406533241272
-712.0769515633583,-1103.180729329586,-828.2831229865551,-483.4942662715912
-707.4095564186573,-1110.840044438839,-833.7882557213306,-472.0052936077118
-729.3104105591774,-1131.9031609892845,-850.3036539256573,-488.99939900636673
-732.6613609194756,-1119.4567739367485,-842.6443388164043,-495.9406533241272
-712.0769515633583,-1103.180729329586,-828.2831229865551,-483.4942662715912
-707.4095564186573,-1110.840044438839,-833.7882557213306,-472.0052936077118
-735.1745736896992,-1122.5683706998825,-841.0885404348373,-498.81289649009705
-725.1217226088047,-1128.4325338304043,-849.944623529911,-489.7174597978592
-730.3875017464161,-1135.3737881481647,-851.500421911478,-495.8209765255451
-724.1643082201481,-1110.0023068487644,-829.4798909723759,-489.2387526035309
-713.0343659520149,-1112.0368124246597,-832.2324573397636,-481.69911429286003
-715.6672555208206,-1118.9780667424202,-837.7375900745392,-476.1939815580845
-735.2942504882812,-1124.1241690814495,-844.9181979894638,-503.7196452319622
-726.9168745875359,-1120.174834728241,-835.1047005057335,-494.8635621368885
-723.6856010258198,-1124.961906671524,-839.054034858942,-481.4597606956959
-721.6510954499245,-1114.9090555906296,-830.7963357567787,-482.7762054800987
-707.1702028214931,-1092.409817457199,-810.3316031992435,-475.95462796092033
-731.9433001279831,-1132.2621913850307,-848.269148349762,-495.22259253263474
-734.4565128982067,-1132.0228377878666,-846.9527035653591,-493.1880869567394
-719.1378826797009,-1104.9758813083172,-825.1715262234211,-485.28941825032234
-720.6936810612679,-1115.9861467778683,-834.8653469085693,-486.4861862361431
-726.0791369974613,-1126.0389978587627,-844.2001371979713,-487.6829542219639
-718.8985290825367,-1107.4890940785408,-819.7860702872276,-484.3320038616657
-693.0483405888081,-1086.186623930931,-799.6803681254387,-461.473735332489
-738.1664936542511,-1138.2460313141346,-853.7742810845375,-498.4538660943508
-740.2009992301464,-1132.740898579359,-848.388825148344,-500.1293412744999
-720.3346506655216,-1106.0529724955559,-820.384454280138,-486.6058630347252
-714.2311339378357,-1115.1484091877937,-828.6421533823013,-478.46784073114395
-718.7788522839546,-1120.8928955197334,-830.9160125553608,-479.1859015226364
-714.5901643335819,-1100.6675165593624,-814.2809375524521,-481.57943749427795
-710.2817995846272,-1104.3774973154068,-816.9138271212578,-472.12497040629387
-728.2333193719387,-1121.4912795126438,-840.609833240509,-486.9648934304714
-727.9939657747746,-1109.403922855854,-826.0092638134956,-488.0419846177101
-712.6753355562687,-1098.0346269905567,-811.5283711850643,-479.1859015226364
-724.044631421566,-1116.2255003750324,-831.5143965482712,-479.54493191838264
-732.1826537251472,-1113.7122876048088,-826.7273246049881,-491.1535813808441
-730.1481481492519,-1102.8216989338398,-823.6157278418541,-495.22259253263474
-715.7869323194027,-1107.848124474287,-819.5467166900635,-476.31365835666656
-721.6510954499245,-1109.523599654436,-824.9321726262569,-478.7071943283081
-719.4969130754471,-1090.9736958742142,-814.6399679481983,-482.7762054800987
-722.9675402343273,-1106.172649294138,-816.1957663297653,-485.0500646531582
-725.1217226088047,-1115.2680859863758,-828.4027997851372,-480.98105350136757
-726.3184905946255,-1099.4707485735416,-816.9138271212578,-487.2042470276356
-718.3001450896263,-1095.282060623169,-811.7677247822285,-478.46784073114395
-712.3163051605225,-1097.5559197962284,-816.4351199269295,-469.9707880318165
-720.933034658432,-1103.300406128168,-817.9909183084965,-483.25491267442703
-733.2597449123859,-1101.3855773508549,-816.0760895311832,-495.3422693312168
-722.8478634357452,-1105.0955581068993,-817.9909183084965,-478.46784073114395
-733.6187753081322,-1111.3187516331673,-823.6157278418541,-487.80263102054596
-723.6856010258198,-1088.9391902983189,-806.8609760403633,-486.84521663188934
-716.8640235066414,-1098.0346269905567,-815.717059135437,-480.50234630703926
-722.6085098385811,-1105.5742653012276,-821.2221918702126,-480.14331591129303
-734.6958664953709,-1114.6697019934654,-827.4453853964806,-489.35842940211296
-731.7039465308189,-1099.5904253721237,-814.8793215453625,-488.5206918120384
-714.8295179307461,-1077.3305408358574,-797.5261857509613,-480.50234630703926
-720.5740042626858,-1087.3833919167519,-807.6987136304379,-474.5185063779354
-727.2759049832821,-1094.2049694359303,-813.6825535595417,-482.8958822786808
-730.5071785449982,-1087.0243615210056,-812.4857855737209,-496.2996837198734
-721.7707722485065,-1086.186623930931,-809.8528960049152,-483.61394307017326
-721.2920650541782,-1089.058867096901,-806.0232384502888,-474.75785997509956
-727.6349353790283,-1085.7079167366028,-800.9968129098415,-490.6748741865158
-727.0365513861179,-1081.8782591819763,-808.4167744219303,-488.99939900636673
-726.0791369974613,-1095.7607678174973,-813.5628767609596,-484.5713574588299
-710.6408299803734,-1071.4663777053356,-793.4571745991707,-474.5185063779354
-712.1966283619404,-1060.2167586386204,-785.7978594899178,-485.28941825032234
-734.6958664953709,-1095.401737421751,-823.1370206475258,-494.62420853972435
-734.935220092535,-1094.8033534288406,-815.8367359340191,-490.3158437907696
-721.0527114570141,-1065.1235073804855,-794.2949121892452,-489.35842940211296
-722.2494794428349,-1071.2270241081715,-802.7919648885727,-487.4436006247997
-714.4704875349998,-1071.3467009067535,-803.5100256800652,-477.6301031410694
-723.0872170329094,-1060.4561122357845,-795.1326497793198,-484.5713574588299
-731.3449161350727,-1070.508963316679,-801.5951969027519,-494.02582454681396
-723.0872170329094,-1073.0221760869026,-803.9887328743935,-484.0926502645016
-730.1481481492519,-1070.8679937124252,-804.1084096729755,-486.9648934304714
-726.3184905946255,-1055.7887170910835,-791.5423458218575,-487.80263102054596
-712.6753355562687,-1062.2512642145157,-790.824285030365,-472.9627079963684
-726.9168745875359,-1077.9289248287678,-807.8183904290199,-486.4861862361431
-717.2230539023876,-1049.9245539605618,-783.8830307126045,-484.5713574588299
-717.1033771038055,-1059.0199906527996,-795.1326497793198,-478.58751752972603
-722.488833039999,-1075.4157120585442,-806.2625920474529,-483.0155590772629
-723.0872170329094,-1058.6609602570534,-790.9439618289471,-490.43552058935165
-718.7788522839546,-1054.2329187095165,-788.4307490587234,-483.0155590772629
-719.1378826797009,-1065.4825377762318,-803.0313184857368,-480.02363911271095
-728.9513801634312,-1064.0464161932468,-801.1164897084236,-492.58970296382904
-718.3001450896263,-1047.6506947875023,-786.8749506771564,-489.5977829992771
-713.5130731463432,-1055.7887170910835,-795.8507105708122,-477.86945673823357
-722.7281866371632,-1062.9693250060081,-801.2361665070057,-483.3745894730091
-721.2920650541782,-1048.3687555789948,-784.2420611083508,-488.7600454092026
-714.709841132164,-1052.0787363350391,-793.2178210020065,-485.5287718474865
-715.5475787222385,-1059.8577282428741,-792.9784674048424,-478.1088103353977
-726.9168745875359,-1049.0868163704872,-787.2339810729027,-493.1880869567394
-720.4543274641037,-1047.5310179889202,-788.7897794544697,-489.83713659644127
-719.2575594782829,-1054.3525955080986,-796.9278017580509,-478.94654792547226
-727.5152585804462,-1050.7622915506363,-793.3374978005886,-488.99939900636673
-717.4624074995518,-1034.1272165477276,-780.1730499565601,-486.36650943756104
-718.7788522839546,-1043.4620068371296,-792.4997602105141,-480.62202310562134
-721.0527114570141,-1048.9671395719051,-792.1407298147678,-483.3745894730091
-724.044631421566,-1034.4862469434738,-784.8404451012611,-491.2732581794262
-718.3001450896263,-1037.4781669080257,-785.0797986984253,-485.8878022432327
-723.9249546229839,-1049.0868163704872,-795.491680175066,-485.28941825032234
-725.0020458102226,-1036.5207525193691,-786.156889885664,-493.66679415106773
-719.4969130754471,-1034.2468933463097,-780.4124035537243,-483.61394307017326
-719.2575594782829,-1041.4275012612343,-789.0291330516338,-479.7842855155468
-728.4726729691029,-1036.7601061165333,-787.5930114686489,-488.99939900636673
-716.9837003052235,-1019.8856775164604,-771.9153508543968,-480.14331591129303
-720.3346506655216,-1037.71752050519,-788.3110722601414,-484.21232706308365
-732.1826537251472,-1042.504592448473,-794.0555585920811,-491.99131897091866
-715.1885483264923,-1011.508301615715,-763.6576517522335,-480.3826695084572
-721.7707722485065,-1035.0846309363842,-780.8911107480526,-486.36650943756104
-727.2759049832821,-1042.0258852541447,-793.2178210020065,-490.43552058935165
-732.7810377180576,-1037.3584901094437,-780.1730499565601,-499.41128048300743
-730.0284713506699,-1033.289478957653,-785.5585058927536,-498.0948356986046
-736.491018474102,-1049.9245539605618,-793.4571745991707,-493.3077637553215
-722.0101258456707,-1022.1595366895199,-773.83017963171,-485.28941825032234
-711.59824436903,-1013.3034535944462,-761.9821765720844,-480.50234630703926
-711.7179211676121,-1021.6808294951916,-778.1385443806648,-480.14331591129303
-731.7039465308189,-1037.1191365122795,-794.5342657864094,-496.4193605184555
-722.8478634357452,-1010.7902408242226,-778.9762819707394,-494.9832389354706
-714.5901643335819,-1011.7476552128792,-771.7956740558147,-482.4171750843525
-720.8133578598499,-1024.7924262583256,-788.4307490587234,-485.76812544465065
-722.2494794428349,-1007.5589672625065,-770.718582868576,-486.72553983330727
-722.2494794428349,-1014.2608679831028,-774.3088868260384,-490.43552058935165
-721.2920650541782,-1028.50240701437,-786.3962434828281,-489.1190758049488
-731.7039465308189,-1022.279213488102,-789.6275170445442,-495.58162292838097
-718.5394986867905,-1000.9767433404922,-768.3250468969345,-488.0419846177101
-722.3691562414169,-1019.8856775164604,-785.5585058927536,-493.1880869567394
-725.2413994073868,-1020.1250311136246,-785.9175362884998,-491.39293497800827
-723.9249546229839,-1003.0112489163876,-772.3940580487251,-494.7438853383064
-719.4969130754471,-1006.2425224781036,-776.4630692005157,-486.9648934304714
-730.9858857393265,-1022.9972742795944,-787.4733346700668,-495.3422693312168
-730.1481481492519,-1011.388624817133,-777.1811299920082,-498.69321969151497
-714.5901643335819,-996.3093481957912,-765.0937733352184,-486.9648934304714
-717.7017610967159,-1015.0986055731773,-779.8140195608139,-489.83713659644127
-735.2942504882812,-1018.2102023363113,-786.5159202814102,-505.8738276064396
-724.8823690116405,-996.9077321887016,-769.8808452785015,-496.0603301227093
-719.377236276865,-1012.2263624072075,-779.6943427622318,-487.4436006247997
-722.9675402343273,-1014.8592519760132,-778.7369283735752,-491.99131897091866
-725.9594601988792,-1001.8144809305668,-762.5805605649948,-490.43552058935165
-724.5233386158943,-1009.4737960398197,-779.2156355679035,-494.14550134539604
-732.4220073223114,-1029.2204678058624,-785.5585058927536,-492.3503493666649
-730.8662089407444,-1008.277028053999,-775.8646852076054,-503.00158444046974
-721.4117418527603,-1011.508301615715,-769.6414916813374,-494.2651781439781
-718.4198218882084,-1017.3724647462368,-773.9498564302921,-483.13523587584496
-737.8074632585049,-1026.946608632803,-783.7633539140224,-505.2754436135292
-726.4381673932076,-1012.4657160043716,-768.6840772926807,-499.88998767733574
-720.4543274641037,-1013.7821607887745,-775.7450084090233,-483.73361986875534
-727.6349353790283,-1018.2102023363113,-780.2927267551422,-488.99939900636673
-717.4624074995518,-995.7109642028809,-759.5886406004429,-491.51261177659035
-722.9675402343273,-1017.2527879476547,-779.6943427622318,-493.4274405539036
-737.927140057087,-1034.9649541378021,-793.5768513977528,-502.40320044755936
-732.5416841208935,-1010.5508872270584,-773.710502833128,-500.0096644759178
-723.2068938314915,-1010.1918568313122,-770.8382596671581,-491.1535813808441
